iso3,country,language,web_pct,primary,primary_web_share_total_pct,all_listed_share_total_pct
AFG,Afghanistan,Dari (Afghan Persian),0.7,1,0.7349,0.7349
AFG,Afghanistan,Pashto,0.0039,1,0.7349,0.7349
AFG,Afghanistan,Uzbek,0.031,1,0.7349,0.7349
AFG,Afghanistan,Turkmen,,1,0.7349,0.7349
AFG,Afghanistan,Balochi,,1,0.7349,0.7349
AFG,Afghanistan,Nuristani,,1,0.7349,0.7349
AFG,Afghanistan,Pashayi,,1,0.7349,0.7349
ARG,Argentina,Spanish,4.64,1,4.6418,4.6418
ARG,Argentina,Quechua,0.0009,1,4.6418,4.6418
ARG,Argentina,Guarani,0.0008,1,4.6418,4.6418
ARG,Argentina,Aymara,0.0001,1,4.6418,4.6418
ARG,Argentina,Mapudungun,,1,4.6418,4.6418
ARG,Argentina,Wichi,,1,4.6418,4.6418
ARG,Argentina,Chana,,1,4.6418,4.6418
ARG,Argentina,Argentine Sign Language,,1,4.6418,4.6418
AUS,Australia,English,40.58,1,40.58,40.58
AUS,Australia,Kriol,,1,40.58,40.58
AUS,Australia,Yumplatok (Torres Strait Creole),,1,40.58,40.58
AUS,Australia,Pitjantjatjara,,1,40.58,40.58
AUS,Australia,Warlpiri,,1,40.58,40.58
AUS,Australia,Djambarrpuyngu,,1,40.58,40.58
AUS,Australia,Tiwi,,1,40.58,40.58
AUS,Australia,Murrinh Patha,,1,40.58,40.58
BEL,Belgium,Dutch,1.82,1,12.61,12.61
BEL,Belgium,French,4.8,1,12.61,12.61
BEL,Belgium,German,5.99,1,12.61,12.61
BEL,Belgium,Walloon,,1,12.61,12.61
BEL,Belgium,West Flemish,,1,12.61,12.61
BEL,Belgium,Limburgish,,1,12.61,12.61
BEL,Belgium,Picard,,1,12.61,12.61
BEL,Belgium,Brabantian,,1,12.61,12.61
BGD,Bangladesh,Bengali (Bangla),0.11,1,0.11,0.11
BGD,Bangladesh,Chakma,,1,0.11,0.11
BGD,Bangladesh,Santali,,1,0.11,0.11
BGD,Bangladesh,Garo,,1,0.11,0.11
BGD,Bangladesh,Tripuri,,1,0.11,0.11
BGD,Bangladesh,Mizo,,1,0.11,0.11
BGD,Bangladesh,Khasi,,1,0.11,0.11
BGD,Bangladesh,Sadri,,1,0.11,0.11
BOL,Bolivia,Spanish,4.64,1,4.641,4.6418
BOL,Bolivia,Quechua,0.0009,1,4.641,4.6418
BOL,Bolivia,Aymara,0.0001,1,4.641,4.6418
BOL,Bolivia,Guarani,0.0008,0,4.641,4.6418
BRA,Brazil,Portuguese,2.52,1,2.52,2.52
BRA,Brazil,Ticuna,,1,2.52,2.52
BRA,Brazil,Kaingang,,1,2.52,2.52
BRA,Brazil,Kaiwa Guarani,,1,2.52,2.52
BRA,Brazil,Nheengatu,,1,2.52,2.52
BRA,Brazil,Guajajara,,1,2.52,2.52
BRA,Brazil,Terena,,1,2.52,2.52
BRA,Brazil,Brazilian Sign Language (Libras),,1,2.52,2.52
CAN,Canada,English,40.58,1,45.38,45.38
CAN,Canada,French,4.8,1,45.38,45.38
CAN,Canada,Cree,,1,45.38,45.38
CAN,Canada,Inuktitut,,1,45.38,45.38
CAN,Canada,Ojibwe,,1,45.38,45.38
CAN,Canada,Oji-Cree,,1,45.38,45.38
CAN,Canada,Dene Suline,,1,45.38,45.38
CAN,Canada,Mi'kmaq,,1,45.38,45.38
CHE,Switzerland,German,5.99,1,13.28,13.28
CHE,Switzerland,French,4.8,1,13.28,13.28
CHE,Switzerland,Italian,2.49,1,13.28,13.28
CHE,Switzerland,Romansh,,1,13.28,13.28
CHE,Switzerland,Franco-Provencal,,1,13.28,13.28
CHE,Switzerland,Walser German,,1,13.28,13.28
CHE,Switzerland,Lombard,,1,13.28,13.28
CHL,Chile,Spanish,4.64,1,4.641,4.641
CHL,Chile,Mapudungun,,1,4.641,4.641
CHL,Chile,Aymara,0.0001,1,4.641,4.641
CHL,Chile,Rapa Nui,,1,4.641,4.641
CHL,Chile,Chilean Quechua,0.0009,1,4.641,4.641
CHL,Chile,Kunza,,1,4.641,4.641
CHL,Chile,Yaghan,,1,4.641,4.641
CHN,China,Standard Mandarin (Chinese),4.43,1,4.4341,4.4341
CHN,China,Cantonese (Yue),,1,4.4341,4.4341
CHN,China,Wu,,1,4.4341,4.4341
CHN,China,Min,,1,4.4341,4.4341
CHN,China,Hakka,,1,4.4341,4.4341
CHN,China,Zhuang,,1,4.4341,4.4341
CHN,China,Tibetan,0.0012,1,4.4341,4.4341
CHN,China,Uyghur,0.0029,1,4.4341,4.4341
CIV,Cote d'Ivoire,French,4.8,0,0,4.8
CIV,Cote d'Ivoire,Baoule,,1,0,4.8
CIV,Cote d'Ivoire,Bete,,1,0,4.8
CIV,Cote d'Ivoire,Senari (Senufo),,1,0,4.8
CIV,Cote d'Ivoire,Dan,,1,0,4.8
CIV,Cote d'Ivoire,Anyin,,1,0,4.8
CIV,Cote d'Ivoire,Guere,,1,0,4.8
CIV,Cote d'Ivoire,Guro,,1,0,4.8
CMR,Cameroon,French,4.8,0,0,45.38
CMR,Cameroon,English,40.58,0,0,45.38
CMR,Cameroon,Ewondo,,1,0,45.38
CMR,Cameroon,Bulu,,1,0,45.38
CMR,Cameroon,Bamum,,1,0,45.38
CMR,Cameroon,Ghomala,,1,0,45.38
CMR,Cameroon,Bassa,,1,0,45.38
CMR,Cameroon,Yemba,,1,0,45.38
COD,DR Congo,French,4.8,0,0.0117,4.8117
COD,DR Congo,Lingala,,1,0.0117,4.8117
COD,DR Congo,Kikongo ya Leta,,1,0.0117,4.8117
COD,DR Congo,Swahili,0.0117,1,0.0117,4.8117
COD,DR Congo,Tshiluba,,1,0.0117,4.8117
COL,Colombia,Spanish,4.64,1,4.64,4.64
COL,Colombia,Wayuunaiki,,1,4.64,4.64
COL,Colombia,Nasa Yuwe,,1,4.64,4.64
COL,Colombia,Embera,,1,4.64,4.64
COL,Colombia,Palenquero,,1,4.64,4.64
COL,Colombia,Ticuna,,1,4.64,4.64
COL,Colombia,Wounaan,,1,4.64,4.64
COL,Colombia,Guambiano,,1,4.64,4.64
DEU,Germany,German,5.99,1,6.52,6.52
DEU,Germany,Danish,0.53,1,6.52,6.52
DEU,Germany,Low German,,1,6.52,6.52
DEU,Germany,North Frisian,,1,6.52,6.52
DEU,Germany,Saterland Frisian,,1,6.52,6.52
DEU,Germany,Upper Sorbian,,1,6.52,6.52
DEU,Germany,Lower Sorbian,,1,6.52,6.52
DEU,Germany,Romani,,1,6.52,6.52
DNK,Denmark,Danish,0.53,1,6.5255,6.5255
DNK,Denmark,Faroese,0.0055,1,6.5255,6.5255
DNK,Denmark,Greenlandic (Kalaallisut),,1,6.5255,6.5255
DNK,Denmark,German,5.99,1,6.5255,6.5255
DZA,Algeria,Modern Standard Arabic,0.65,1,0.65,0.65
DZA,Algeria,Algerian Arabic,,1,0.65,0.65
DZA,Algeria,Standard Algerian Tamazight,,1,0.65,0.65
DZA,Algeria,Kabyle,,1,0.65,0.65
DZA,Algeria,Chaouia (Shawiya),,1,0.65,0.65
DZA,Algeria,Mozabite,,1,0.65,0.65
ECU,Ecuador,Spanish,4.64,1,4.6409,4.6409
ECU,Ecuador,Kichwa,0.0009,1,4.6409,4.6409
ECU,Ecuador,Shuar,,1,4.6409,4.6409
ECU,Ecuador,Achuar-Shiwiar,,1,4.6409,4.6409
ECU,Ecuador,Awa-Cuaiquer,,1,4.6409,4.6409
ECU,Ecuador,Cha'palaachi (Chachi),,1,4.6409,4.6409
ECU,Ecuador,Waorani,,1,4.6409,4.6409
EGY,Egypt,Modern Standard Arabic,0.65,1,0.65,0.65
EGY,Egypt,Egyptian Arabic,,1,0.65,0.65
EGY,Egypt,Sa'idi Arabic,,1,0.65,0.65
EGY,Egypt,Nobiin,,1,0.65,0.65
EGY,Egypt,Siwi,,1,0.65,0.65
EGY,Egypt,Beja,,1,0.65,0.65
EGY,Egypt,Domari,,1,0.65,0.65
EGY,Egypt,Coptic,,1,0.65,0.65
ESP,Spain,Spanish,4.64,1,4.92,4.92
ESP,Spain,Catalan/Valencian,0.21,1,4.92,4.92
ESP,Spain,Galician,0.032,1,4.92,4.92
ESP,Spain,Basque,0.038,1,4.92,4.92
ESP,Spain,Aranese Occitan,,1,4.92,4.92
ESP,Spain,Asturian,,1,4.92,4.92
ESP,Spain,Leonese,,1,4.92,4.92
ESP,Spain,Aragonese,,1,4.92,4.92
ETH,Ethiopia,Amharic,0.0037,1,0.0098,0.0098
ETH,Ethiopia,Oromo,0.0006,1,0.0098,0.0098
ETH,Ethiopia,Somali,0.0055,1,0.0098,0.0098
ETH,Ethiopia,Tigrinya,,1,0.0098,0.0098
ETH,Ethiopia,Sidamo,,1,0.0098,0.0098
ETH,Ethiopia,Wolaytta,,1,0.0098,0.0098
ETH,Ethiopia,Gurage,,1,0.0098,0.0098
ETH,Ethiopia,Afar,,1,0.0098,0.0098
FIN,Finland,Finnish,0.38,1,1.12,1.12
FIN,Finland,Swedish,0.74,1,1.12,1.12
FIN,Finland,Sami (Northern/Inari/Skolt),,1,1.12,1.12
FIN,Finland,Karelian,,1,1.12,1.12
FIN,Finland,Finnish Romani,,1,1.12,1.12
FRA,France,French,4.8,1,5.053,5.053
FRA,France,Catalan,0.21,1,5.053,5.053
FRA,France,Basque,0.038,1,5.053,5.053
FRA,France,Occitan,,1,5.053,5.053
FRA,France,Corsican,0.0029,1,5.053,5.053
FRA,France,Breton,0.0021,1,5.053,5.053
FRA,France,Alsatian,,1,5.053,5.053
FRA,France,Franco-Provencal,,1,5.053,5.053
GBR,United Kingdom,English,40.58,1,40.597,40.597
GBR,United Kingdom,Welsh,0.0107,1,40.597,40.597
GBR,United Kingdom,Scottish Gaelic,,1,40.597,40.597
GBR,United Kingdom,Irish,0.0063,1,40.597,40.597
GBR,United Kingdom,Scots,,1,40.597,40.597
GBR,United Kingdom,Ulster Scots,,1,40.597,40.597
GBR,United Kingdom,Cornish,,1,40.597,40.597
GBR,United Kingdom,British Sign Language,,1,40.597,40.597
GEO,Georgia,Georgian,0.045,1,0.141,6.961
GEO,Georgia,Azerbaijani,0.062,1,0.141,6.961
GEO,Georgia,Armenian,0.034,1,0.141,6.961
GEO,Georgia,Ossetian,,1,0.141,6.961
GEO,Georgia,Abkhaz,,0,0.141,6.961
GEO,Georgia,Russian,6.82,0,0.141,6.961
GHA,Ghana,English,40.58,0,0.0004,40.5804
GHA,Ghana,Akan,0.0004,1,0.0004,40.5804
GHA,Ghana,Ewe,,1,0.0004,40.5804
GHA,Ghana,Dagbani,,1,0.0004,40.5804
GHA,Ghana,Ga,,1,0.0004,40.5804
GHA,Ghana,Dagaare,,1,0.0004,40.5804
GHA,Ghana,Nzema,,1,0.0004,40.5804
GHA,Ghana,Gonja,,1,0.0004,40.5804
GRC,Greece,Greek,0.56,1,1.948,1.948
GRC,Greece,Turkish,1.35,1,1.948,1.948
GRC,Greece,Macedonian,0.038,1,1.948,1.948
GRC,Greece,Arvanitika,,1,1.948,1.948
GRC,Greece,Pontic Greek,,1,1.948,1.948
GRC,Greece,Aromanian,,1,1.948,1.948
GRC,Greece,Ladino (Judaeo-Spanish),,1,1.948,1.948
GRC,Greece,Romani,,1,1.948,1.948
HUN,Hungary,Hungarian,0.53,1,7.72,7.72
HUN,Hungary,German,5.99,1,7.72,7.72
HUN,Hungary,Romani,,1,7.72,7.72
HUN,Hungary,Croatian,0.22,1,7.72,7.72
HUN,Hungary,Slovak,0.41,1,7.72,7.72
HUN,Hungary,Romanian,0.57,1,7.72,7.72
HUN,Hungary,Serbian,,1,7.72,7.72
IDN,Indonesia,Indonesian,1.09,1,1.0929,1.0929
IDN,Indonesia,Javanese,0.0029,1,1.0929,1.0929
IDN,Indonesia,Sundanese,,1,1.0929,1.0929
IDN,Indonesia,Madurese,,1,1.0929,1.0929
IDN,Indonesia,Minangkabau,,1,1.0929,1.0929
IDN,Indonesia,Buginese,,1,1.0929,1.0929
IDN,Indonesia,Batak Toba,,1,1.0929,1.0929
IDN,Indonesia,Balinese,,1,1.0929,1.0929
IND,India,English,40.58,0,0.4762,41.0562
IND,India,Hindi,0.22,1,0.4762,41.0562
IND,India,Bengali,0.11,1,0.4762,41.0562
IND,India,Marathi,0.03,1,0.4762,41.0562
IND,India,Telugu,0.02,1,0.4762,41.0562
IND,India,Tamil,0.049,1,0.4762,41.0562
IND,India,Gujarati,0.0142,1,0.4762,41.0562
IND,India,Urdu,0.033,1,0.4762,41.0562
IRL,Ireland,Irish,0.0063,0,40.58,40.5863
IRL,Ireland,English,40.58,1,40.58,40.5863
IRL,Ireland,Ulster Scots,,1,40.58,40.5863
IRL,Ireland,Shelta,,1,40.58,40.5863
IRN,Iran,Persian,0.7,1,1.4184,1.4184
IRN,Iran,Azerbaijani,0.062,1,1.4184,1.4184
IRN,Iran,Kurdish,0.0064,1,1.4184,1.4184
IRN,Iran,Gilaki,,1,1.4184,1.4184
IRN,Iran,Mazandarani,,1,1.4184,1.4184
IRN,Iran,Luri-Bakhtiari,,1,1.4184,1.4184
IRN,Iran,Balochi,,1,1.4184,1.4184
IRN,Iran,Arabic,0.65,1,1.4184,1.4184
IRQ,Iraq,Arabic,0.65,1,0.6904,0.6904
IRQ,Iraq,Kurdish (Sorani),0.0064,1,0.6904,0.6904
IRQ,Iraq,Turkmen,,1,0.6904,0.6904
IRQ,Iraq,Neo-Aramaic (Assyrian),,1,0.6904,0.6904
IRQ,Iraq,Armenian,0.034,1,0.6904,0.6904
ISR,Israel,Hebrew,0.25,1,0.9016,0.9016
ISR,Israel,Arabic,0.65,1,0.9016,0.9016
ISR,Israel,Yiddish,0.0016,1,0.9016,0.9016
ITA,Italy,Italian,2.49,1,2.49,2.49
ITA,Italy,Sicilian,,1,2.49,2.49
ITA,Italy,Venetian,,1,2.49,2.49
ITA,Italy,Neapolitan,,1,2.49,2.49
ITA,Italy,Lombard,,1,2.49,2.49
ITA,Italy,Piedmontese,,1,2.49,2.49
ITA,Italy,Sardinian,,1,2.49,2.49
ITA,Italy,Friulian,,1,2.49,2.49
JPN,Japan,Japanese,5.32,1,5.32,5.32
JPN,Japan,Ainu,,1,5.32,5.32
JPN,Japan,Okinawan,,1,5.32,5.32
JPN,Japan,Amami,,1,5.32,5.32
JPN,Japan,Kunigami,,1,5.32,5.32
JPN,Japan,Miyako,,1,5.32,5.32
JPN,Japan,Yaeyama,,1,5.32,5.32
JPN,Japan,Yonaguni,,1,5.32,5.32
KAZ,Kazakhstan,Kazakh,0.047,1,6.9009,6.9009
KAZ,Kazakhstan,Russian,6.82,1,6.9009,6.9009
KAZ,Kazakhstan,Uzbek,0.031,1,6.9009,6.9009
KAZ,Kazakhstan,Uyghur,0.0029,1,6.9009,6.9009
KAZ,Kazakhstan,Dungan,,1,6.9009,6.9009
KAZ,Kazakhstan,Ili Turki,,1,6.9009,6.9009
KAZ,Kazakhstan,Ingush,,1,6.9009,6.9009
KEN,Kenya,English,40.58,0,0.0172,40.5972
KEN,Kenya,Swahili,0.0117,1,0.0172,40.5972
KEN,Kenya,Kikuyu,,1,0.0172,40.5972
KEN,Kenya,Luhya,,1,0.0172,40.5972
KEN,Kenya,Kamba,,1,0.0172,40.5972
KEN,Kenya,Dholuo,,1,0.0172,40.5972
KEN,Kenya,Kalenjin,,1,0.0172,40.5972
KEN,Kenya,Somali,0.0055,1,0.0172,40.5972
KOR,South Korea,Korean,0.84,1,0.84,0.84
KOR,South Korea,Jeju,,1,0.84,0.84
KOR,South Korea,Korean Sign Language,,1,0.84,0.84
LKA,Sri Lanka,Sinhala,0.0094,1,0.0584,0.0584
LKA,Sri Lanka,Tamil,0.049,1,0.0584,0.0584
LKA,Sri Lanka,Sri Lankan Malay,,1,0.0584,0.0584
LKA,Sri Lanka,Vedda,,1,0.0584,0.0584
MAR,Morocco,Modern Standard Arabic,0.65,1,0.65,5.45
MAR,Morocco,French,4.8,0,0.65,5.45
MAR,Morocco,Standard Moroccan Amazigh,,1,0.65,5.45
MAR,Morocco,Moroccan Arabic (Darija),,1,0.65,5.45
MAR,Morocco,Tashelhit,,1,0.65,5.45
MAR,Morocco,Central Atlas Tamazight,,1,0.65,5.45
MAR,Morocco,Tarifit,,1,0.65,5.45
MAR,Morocco,Hassaniya Arabic,,1,0.65,5.45
MDG,Madagascar,Malagasy,0.0034,1,0.0034,4.8034
MDG,Madagascar,French,4.8,0,0.0034,4.8034
MEX,Mexico,Spanish,4.64,1,4.64,4.64
MEX,Mexico,Nahuatl,,1,4.64,4.64
MEX,Mexico,Yucatec Maya,,1,4.64,4.64
MEX,Mexico,Tzeltal,,1,4.64,4.64
MEX,Mexico,Tzotzil,,1,4.64,4.64
MEX,Mexico,Mixtec,,1,4.64,4.64
MEX,Mexico,Zapotec,,1,4.64,4.64
MEX,Mexico,Otomi,,1,4.64,4.64
MLI,Mali,French,4.8,0,0,4.8
MLI,Mali,Bambara,,1,0,4.8
MLI,Mali,Fulfulde,,1,0,4.8
MLI,Mali,Dogon,,1,0,4.8
MLI,Mali,Soninke,,1,0,4.8
MLI,Mali,Songhay,,1,0,4.8
MLI,Mali,Tamasheq,,1,0,4.8
MLI,Mali,Senufo,,1,0,4.8
MMR,Myanmar,Burmese,0.017,1,0.017,0.017
MMR,Myanmar,Shan,,1,0.017,0.017
MMR,Myanmar,Karen,,1,0.017,0.017
MMR,Myanmar,Kachin,,1,0.017,0.017
MMR,Myanmar,Chin,,1,0.017,0.017
MMR,Myanmar,Mon,,1,0.017,0.017
MNG,Mongolia,Mongolian (Khalkha),0.016,1,0.063,0.063
MNG,Mongolia,Kazakh,0.047,1,0.063,0.063
MNG,Mongolia,Buriat Mongolian,,1,0.063,0.063
MNG,Mongolia,Oirat (Western Mongolian),,1,0.063,0.063
MNG,Mongolia,Tuvan,,1,0.063,0.063
MOZ,Mozambique,Portuguese,2.52,0,0,2.52
MOZ,Mozambique,Emakhuwa,,1,0,2.52
MOZ,Mozambique,Xitsonga,,1,0,2.52
MOZ,Mozambique,Cisena,,1,0,2.52
MOZ,Mozambique,Elomwe,,1,0,2.52
MOZ,Mozambique,Echuwabo,,1,0,2.52
MOZ,Mozambique,Cindau,,1,0,2.52
MOZ,Mozambique,XiTswa,,1,0,2.52
MYS,Malaysia,Malay,0.09,1,0.1419,0.1419
MYS,Malaysia,Tamil,0.049,1,0.1419,0.1419
MYS,Malaysia,Hokkien,,1,0.1419,0.1419
MYS,Malaysia,Cantonese,,1,0.1419,0.1419
MYS,Malaysia,Hakka,,1,0.1419,0.1419
MYS,Malaysia,Iban,,1,0.1419,0.1419
MYS,Malaysia,Teochew,,1,0.1419,0.1419
MYS,Malaysia,Javanese,0.0029,1,0.1419,0.1419
NER,Niger,Hausa,0.0026,1,0.6526,5.4526
NER,Niger,Arabic,0.65,1,0.6526,5.4526
NER,Niger,French,4.8,0,0.6526,5.4526
NER,Niger,Zarma-Songhai,,1,0.6526,5.4526
NER,Niger,Fulfulde,,1,0.6526,5.4526
NER,Niger,Tamasheq,,1,0.6526,5.4526
NER,Niger,Kanuri,,1,0.6526,5.4526
NER,Niger,Tebu,,1,0.6526,5.4526
NGA,Nigeria,English,40.58,0,0.0054,40.5854
NGA,Nigeria,Hausa,0.0026,1,0.0054,40.5854
NGA,Nigeria,Yoruba,0.0016,1,0.0054,40.5854
NGA,Nigeria,Igbo,0.0012,1,0.0054,40.5854
NGA,Nigeria,Nigerian Pidgin,,1,0.0054,40.5854
NGA,Nigeria,Fulfulde,,1,0.0054,40.5854
NGA,Nigeria,Kanuri,,1,0.0054,40.5854
NGA,Nigeria,Ibibio,,1,0.0054,40.5854
NLD,Netherlands,Dutch,1.82,1,1.8239,42.4039
NLD,Netherlands,English,40.58,0,1.8239,42.4039
NLD,Netherlands,West Frisian,0.0023,1,1.8239,42.4039
NLD,Netherlands,Yiddish,0.0016,1,1.8239,42.4039
NLD,Netherlands,Dutch Low Saxon,,1,1.8239,42.4039
NLD,Netherlands,Limburgish,,1,1.8239,42.4039
NLD,Netherlands,Romani,,1,1.8239,42.4039
NLD,Netherlands,Dutch Sign Language,,1,1.8239,42.4039
NLD,Netherlands,Papiamento,,1,1.8239,42.4039
NOR,Norway,Norwegian (Bokmal),0.34,1,0.354,0.354
NOR,Norway,Norwegian (Nynorsk),0.014,1,0.354,0.354
NOR,Norway,Northern Sami,,1,0.354,0.354
NOR,Norway,Kven Finnish,,1,0.354,0.354
NOR,Norway,Norwegian Traveller (Romani),,1,0.354,0.354
NPL,Nepal,Nepali,0.061,1,0.061,0.061
NPL,Nepal,Maithili,,1,0.061,0.061
NPL,Nepal,Bhojpuri,,1,0.061,0.061
NPL,Nepal,Tharu,,1,0.061,0.061
NPL,Nepal,Tamang,,1,0.061,0.061
NPL,Nepal,Newari (Nepal Bhasha),,1,0.061,0.061
NPL,Nepal,Magar,,1,0.061,0.061
NPL,Nepal,Awadhi,,1,0.061,0.061
NZL,New Zealand,English,40.58,1,40.58,40.5818
NZL,New Zealand,Maori,0.0018,0,40.58,40.5818
NZL,New Zealand,New Zealand Sign Language,,1,40.58,40.5818
PAK,Pakistan,English,40.58,0,0.0147,40.6277
PAK,Pakistan,Urdu,0.033,0,0.0147,40.6277
PAK,Pakistan,Punjabi,0.0085,1,0.0147,40.6277
PAK,Pakistan,Pashto,0.0039,1,0.0147,40.6277
PAK,Pakistan,Sindhi,0.0023,1,0.0147,40.6277
PAK,Pakistan,Saraiki,,1,0.0147,40.6277
PAK,Pakistan,Balochi,,1,0.0147,40.6277
PAK,Pakistan,Hindko,,1,0.0147,40.6277
PER,Peru,Spanish,4.64,1,4.641,4.641
PER,Peru,Quechua,0.0009,1,4.641,4.641
PER,Peru,Aymara,0.0001,1,4.641,4.641
PER,Peru,Ashaninka,,1,4.641,4.641
PER,Peru,Awajun,,1,4.641,4.641
PER,Peru,Machiguenga,,1,4.641,4.641
PER,Peru,Achuar,,1,4.641,4.641
PER,Peru,Candoshi,,1,4.641,4.641
PHL,Philippines,English,40.58,0,0.0114,40.5914
PHL,Philippines,Filipino (Tagalog),0.0114,1,0.0114,40.5914
PHL,Philippines,Cebuano,,1,0.0114,40.5914
PHL,Philippines,Ilocano,,1,0.0114,40.5914
PHL,Philippines,Hiligaynon,,1,0.0114,40.5914
PHL,Philippines,Waray,,1,0.0114,40.5914
PHL,Philippines,Kapampangan,,1,0.0114,40.5914
PHL,Philippines,Central Bikol,,1,0.0114,40.5914
PNG,Papua New Guinea,English,40.58,0,0,40.58
PNG,Papua New Guinea,Tok Pisin,,1,0,40.58
PNG,Papua New Guinea,Hiri Motu,,1,0,40.58
PNG,Papua New Guinea,Enga,,1,0,40.58
PNG,Papua New Guinea,Melpa,,1,0,40.58
PNG,Papua New Guinea,Kuanua (Tolai),,1,0,40.58
PNG,Papua New Guinea,Huli,,1,0,40.58
PNG,Papua New Guinea,Kuman,,1,0,40.58
POL,Poland,Polish,2.04,1,9.0235,9.0235
POL,Poland,German,5.99,1,9.0235,9.0235
POL,Poland,Ukrainian,0.8,1,9.0235,9.0235
POL,Poland,Belarusian,0.016,1,9.0235,9.0235
POL,Poland,Lithuanian,0.17,1,9.0235,9.0235
POL,Poland,Kashubian,,1,9.0235,9.0235
POL,Poland,Tatar,0.0075,1,9.0235,9.0235
POL,Poland,Romani,,1,9.0235,9.0235
PRT,Portugal,Portuguese,2.52,1,2.52,2.52
PRT,Portugal,Mirandese,,1,2.52,2.52
PRT,Portugal,Leonese,,1,2.52,2.52
PRT,Portugal,Calo,,1,2.52,2.52
PRT,Portugal,Minderico,,1,2.52,2.52
PRT,Portugal,Barranquenho,,1,2.52,2.52
PRT,Portugal,Portuguese Sign Language,,1,2.52,2.52
PRT,Portugal,Madeiran Sign Language,,1,2.52,2.52
PRY,Paraguay,Spanish,4.64,1,4.6408,4.6408
PRY,Paraguay,Guarani,0.0008,1,4.6408,4.6408
PRY,Paraguay,Nivacle,,1,4.6408,4.6408
PRY,Paraguay,Ayoreo,,1,4.6408,4.6408
PRY,Paraguay,Ache,,1,4.6408,4.6408
PRY,Paraguay,Maka,,1,4.6408,4.6408
PRY,Paraguay,Chamacoco (Ishir),,1,4.6408,4.6408
PRY,Paraguay,Toba Qom,,1,4.6408,4.6408
ROU,Romania,Romanian,0.57,1,9.2475,9.2475
ROU,Romania,Hungarian,0.53,1,9.2475,9.2475
ROU,Romania,Romani,,1,9.2475,9.2475
ROU,Romania,German,5.99,1,9.2475,9.2475
ROU,Romania,Ukrainian,0.8,1,9.2475,9.2475
ROU,Romania,Turkish,1.35,1,9.2475,9.2475
ROU,Romania,Tatar,0.0075,1,9.2475,9.2475
ROU,Romania,Serbian,,1,9.2475,9.2475
RUS,Russia,Russian,6.82,1,6.8275,6.8275
RUS,Russia,Tatar,0.0075,1,6.8275,6.8275
RUS,Russia,Chechen,,1,6.8275,6.8275
RUS,Russia,Bashkir,,1,6.8275,6.8275
RUS,Russia,Chuvash,,1,6.8275,6.8275
RUS,Russia,Avar,,1,6.8275,6.8275
RUS,Russia,Yakut (Sakha),,1,6.8275,6.8275
RUS,Russia,Kabardian,,1,6.8275,6.8275
RWA,Rwanda,Kinyarwanda,0.0028,1,0.0028,45.3945
RWA,Rwanda,English,40.58,0,0.0028,45.3945
RWA,Rwanda,French,4.8,0,0.0028,45.3945
RWA,Rwanda,Swahili,0.0117,0,0.0028,45.3945
SAU,Saudi Arabia,Arabic (Modern Standard),0.65,1,0.65,0.65
SAU,Saudi Arabia,Najdi Arabic,,1,0.65,0.65
SAU,Saudi Arabia,Hejazi Arabic,,1,0.65,0.65
SAU,Saudi Arabia,Gulf Arabic,,1,0.65,0.65
SAU,Saudi Arabia,Southern Hejaz-Tihama Arabic,,1,0.65,0.65
SAU,Saudi Arabia,Faifi,,1,0.65,0.65
SAU,Saudi Arabia,Mehri,,1,0.65,0.65
SAU,Saudi Arabia,Saudi Sign Language,,1,0.65,0.65
SDN,Sudan,Arabic,0.65,1,0.65,41.23
SDN,Sudan,English,40.58,0,0.65,41.23
SDN,Sudan,Dinka,,1,0.65,41.23
SDN,Sudan,Nuer,,1,0.65,41.23
SDN,Sudan,Beja,,1,0.65,41.23
SDN,Sudan,Fur,,1,0.65,41.23
SDN,Sudan,Nubian,,1,0.65,41.23
SDN,Sudan,Zaghawa,,1,0.65,41.23
SEN,Senegal,French,4.8,0,0.0002,4.8002
SEN,Senegal,Wolof,0.0002,1,0.0002,4.8002
SEN,Senegal,Pulaar (Fula),,1,0.0002,4.8002
SEN,Senegal,Serer,,1,0.0002,4.8002
SEN,Senegal,Jola (Diola),,1,0.0002,4.8002
SEN,Senegal,Mandinka,,1,0.0002,4.8002
SEN,Senegal,Soninke,,1,0.0002,4.8002
SEN,Senegal,Balanta-Ganja,,1,0.0002,4.8002
SGP,Singapore,English,40.58,1,45.149,45.149
SGP,Singapore,Mandarin (Chinese),4.43,1,45.149,45.149
SGP,Singapore,Malay,0.09,1,45.149,45.149
SGP,Singapore,Tamil,0.049,1,45.149,45.149
SGP,Singapore,Hokkien,,1,45.149,45.149
SGP,Singapore,Cantonese,,1,45.149,45.149
SGP,Singapore,Teochew,,1,45.149,45.149
SGP,Singapore,Hainanese,,1,45.149,45.149
SWE,Sweden,Swedish,0.74,1,1.1216,1.1216
SWE,Sweden,Finnish,0.38,1,1.1216,1.1216
SWE,Sweden,Yiddish,0.0016,1,1.1216,1.1216
SWE,Sweden,Meankieli,,1,1.1216,1.1216
SWE,Sweden,Northern Sami,,1,1.1216,1.1216
SWE,Sweden,Romani,,1,1.1216,1.1216
SWE,Sweden,Dalecarlian,,1,1.1216,1.1216
SWE,Sweden,Gutnish,,1,1.1216,1.1216
THA,Thailand,Central Thai,0.37,1,0.37,0.37
THA,Thailand,Isan,,1,0.37,0.37
THA,Thailand,Northern Thai (Kham Muang),,1,0.37,0.37
THA,Thailand,Southern Thai (Pak Tai),,1,0.37,0.37
THA,Thailand,Northern Khmer,,1,0.37,0.37
THA,Thailand,Pattani Malay (Yawi),,1,0.37,0.37
THA,Thailand,Phu Thai,,1,0.37,0.37
THA,Thailand,Karen,,1,0.37,0.37
TUN,Tunisia,Modern Standard Arabic,0.65,1,0.65,0.65
TUN,Tunisia,Tunisian Arabic,,1,0.65,0.65
TUN,Tunisia,Tamazight (Djerbi/Jerba Berber),,1,0.65,0.65
TUN,Tunisia,Matmata Berber,,1,0.65,0.65
TUR,Turkey,Turkish,1.35,1,2.0404,2.0404
TUR,Turkey,Kurdish (Kurmanji),0.0064,1,2.0404,2.0404
TUR,Turkey,Zazaki,,1,2.0404,2.0404
TUR,Turkey,Arabic,0.65,1,2.0404,2.0404
TUR,Turkey,Armenian,0.034,1,2.0404,2.0404
TUR,Turkey,Laz,,1,2.0404,2.0404
TUR,Turkey,Pomak,,1,2.0404,2.0404
TUR,Turkey,Adyghe,,1,2.0404,2.0404
TZA,Tanzania,Swahili,0.0117,1,0.0117,40.5917
TZA,Tanzania,English,40.58,0,0.0117,40.5917
TZA,Tanzania,Sukuma,,1,0.0117,40.5917
TZA,Tanzania,Haya,,1,0.0117,40.5917
TZA,Tanzania,Makonde,,1,0.0117,40.5917
TZA,Tanzania,Nyamwezi,,1,0.0117,40.5917
TZA,Tanzania,Hehe,,1,0.0117,40.5917
TZA,Tanzania,Gogo,,1,0.0117,40.5917
UGA,Uganda,English,40.58,0,0,40.5917
UGA,Uganda,Swahili,0.0117,0,0,40.5917
UGA,Uganda,Luganda,,1,0,40.5917
UGA,Uganda,Runyankole,,1,0,40.5917
UGA,Uganda,Lusoga,,1,0,40.5917
UGA,Uganda,Ateso,,1,0,40.5917
UGA,Uganda,Acholi (Southern Luo),,1,0,40.5917
UGA,Uganda,Lugbara,,1,0,40.5917
UKR,Ukraine,Ukrainian,0.8,1,11.6,11.6
UKR,Ukraine,Russian,6.82,1,11.6,11.6
UKR,Ukraine,Romanian,0.57,1,11.6,11.6
UKR,Ukraine,Hungarian,0.53,1,11.6,11.6
UKR,Ukraine,Crimean Tatar,,1,11.6,11.6
UKR,Ukraine,Bulgarian,0.28,1,11.6,11.6
UKR,Ukraine,Polish,2.04,1,11.6,11.6
UKR,Ukraine,Greek,0.56,1,11.6,11.6
USA,United States,English,40.58,1,40.5808,45.2208
USA,United States,Spanish,4.64,0,40.5808,45.2208
USA,United States,Navajo,,1,40.5808,45.2208
USA,United States,Hawaiian,,1,40.5808,45.2208
USA,United States,Samoan,0.0008,1,40.5808,45.2208
USA,United States,Chamorro,,1,40.5808,45.2208
USA,United States,Cherokee,,1,40.5808,45.2208
USA,United States,American Sign Language,,1,40.5808,45.2208
UZB,Uzbekistan,Uzbek,0.031,1,6.9107,6.9107
UZB,Uzbekistan,Russian,6.82,1,6.9107,6.9107
UZB,Uzbekistan,Tajik,,1,6.9107,6.9107
UZB,Uzbekistan,Karakalpak,,1,6.9107,6.9107
UZB,Uzbekistan,Kazakh,0.047,1,6.9107,6.9107
UZB,Uzbekistan,Kyrgyz,0.0127,1,6.9107,6.9107
VEN,Venezuela,Spanish,4.64,1,4.64,4.64
VEN,Venezuela,Wayuu,,1,4.64,4.64
VEN,Venezuela,Warao,,1,4.64,4.64
VEN,Venezuela,Pemon,,1,4.64,4.64
VEN,Venezuela,Piaroa,,1,4.64,4.64
VEN,Venezuela,Jivi (Guahibo),,1,4.64,4.64
VNM,Vietnam,Vietnamese,1.06,1,5.872,5.872
VNM,Vietnam,Chinese,4.43,1,5.872,5.872
VNM,Vietnam,Tay,,1,5.872,5.872
VNM,Vietnam,Thai (Tai),0.37,1,5.872,5.872
VNM,Vietnam,Muong,,1,5.872,5.872
VNM,Vietnam,Khmer,0.012,1,5.872,5.872
VNM,Vietnam,Nung,,1,5.872,5.872
VNM,Vietnam,Hmong,,1,5.872,5.872
ZAF,South Africa,English,40.58,1,40.5902,40.5902
ZAF,South Africa,Afrikaans,0.0078,1,40.5902,40.5902
ZAF,South Africa,Zulu,0.0015,1,40.5902,40.5902
ZAF,South Africa,Xhosa,0.0009,1,40.5902,40.5902
ZAF,South Africa,Northern Sotho (Sepedi),,1,40.5902,40.5902
ZAF,South Africa,Southern Sotho,,1,40.5902,40.5902
ZAF,South Africa,Tswana,,1,40.5902,40.5902
ZAF,South Africa,Tsonga,,1,40.5902,40.5902
ZWE,Zimbabwe,Shona,,1,0,40.58
ZWE,Zimbabwe,Ndebele,,1,0,40.58
ZWE,Zimbabwe,English,40.58,0,0,40.58
ZWE,Zimbabwe,Tonga,,1,0,40.58
ZWE,Zimbabwe,Kalanga,,1,0,40.58
ZWE,Zimbabwe,Nambya,,1,0,40.58
ZWE,Zimbabwe,Venda,,1,0,40.58
ZWE,Zimbabwe,Ndau,,1,0,40.58
